<words>
	<word>'cause</word>
	<word>'em</word>
	<word>00am</word>
	<word>00pm</word>
	<word>01am</word>
	<word>01pm</word>
	<word>02am</word>
	<word>02am</word>
	<word>03am</word>
	<word>03pm</word>
	<word>04am</word>
	<word>04pm</word>
	<word>05am</word>
	<word>05pm</word>
	<word>06am</word>
	<word>06pm</word>
	<word>07am</word>
	<word>07pm</word>
	<word>08am</word>
	<word>08pm</word>
	<word>09am</word>
	<word>09pm</word>
	<word>10am</word>
	<word>10pm</word>
	<word>11am</word>
	<word>11pm</word>
	<word>12am</word>
	<word>12pm</word>
	<word>1am</word>
	<word>1pm</word>
	<word>2am</word>
	<word>2am</word>
	<word>3am</word>
	<word>3pm</word>
	<word>4am</word>
	<word>4pm</word>
	<word>50s</word>
	<word>5am</word>
	<word>5pm</word>
	<word>6am</word>
	<word>6pm</word>
	<word>7am</word>
	<word>7pm</word>
	<word>8am</word>
	<word>8pm</word>
	<word>9/11</word>
	<word>9am</word>
	<word>9mm</word>
	<word>9pm</word>
	<word>a.m.</word>
	<word>accelerant</word>
	<word>acidotic</word>
	<word>actinium</word>
	<word>adenosine</word>
	<word>adjustability</word>
	<word>adorkable</word>
	<word>adrenocorticotropic</word>
	<word>advisors</word>
	<word>aeroplanes</word>
	<word>afterburn</word>
	<word>afterwards</word>
	<word>agonist</word>
	<word>ahh</word>
	<word>ahhhh</word>
	<word>ahold</word>
	<word>aioli</word>
	<word>ajit</word>
	<word>allodynic</word>
	<word>aluminium</word>
	<word>aluminum</word>
	<word>americium</word>
	<word>amination</word>
	<word>amnio</word>
	<word>amygdala</word>
	<word>anastomosis</word>
	<word>angiomyolipoma</word>
	<word>anonymized</word>
	<word>anoxic</word>
	<word>anthropomorphize</word>
	<word>antimony</word>
	<word>antipsychotic</word>
	<word>apologise</word>
	<word>applewood</word>
	<word>appétit</word>
	<word>argon</word>
	<word>arrhythmias</word>
	<word>arse</word>
	<word>arsehole</word>
	<word>arsenic</word>
	<word>arses</word>
	<word>arteritis</word>
	<word>asshat</word>
	<word>asshats</word>
	<word>astatine</word>
	<word>astrodynamics</word>
	<word>astrometry</word>
	<word>attendings</word>
	<word>attosecond</word>
	<word>au pair</word>
	<word>autostereogram</word>
	<word>autostereograms</word>
	<word>autotrophs</word>
	<word>axe</word>
	<word>backflips</word>
	<word>backsplash</word>
	<word>backsplashes</word>
	<word>backswing</word>
	<word>backway</word>
	<word>backways</word>
	<word>badass</word>
	<word>badasses</word>
	<word>barista</word>
	<word>barium</word>
	<word>barstool</word>
	<word>batrachotoxin</word>
	<word>beatdown</word>
	<word>bedsprings</word>
	<word>behaviour</word>
	<word>beheadings</word>
	<word>benzilate</word>
	<word>berkelium</word>
	<word>beryllium</word>
	<word>biofilters</word>
	<word>bioprosthetic</word>
	<word>biotoxin</word>
	<word>bismuth</word>
	<word>bitcoins</word>
	<word>blonde</word>
	<word>bloodwork</word>
	<word>blowback</word>
	<word>blowjobs</word>
	<word>bluejacked</word>
	<word>blushy</word>
	<word>boatshed</word>
	<word>bodycam</word>
	<word>bogholes</word>
	<word>bohrium</word>
	<word>bona fide</word>
	<word>boneyard</word>
	<word>boron</word>
	<word>brachial</word>
	<word>bradycardia</word>
	<word>bradycardic</word>
	<word>braniac</word>
	<word>breakin'</word>
	<word>bromine</word>
	<word>brownnosing</word>
	<word>bukakke</word>
	<word>bukkake</word>
	<word>bullseye</word>
	<word>busses</word>
	<word>but</word>
	<word>butterflyfish</word>
	<word>butthead</word>
	<word>butthole</word>
	<word>buzzkill</word>
	<word>cadmium</word>
	<word>caesium</word>
	<word>café's</word>
	<word>café</word>
	<word>cafés</word>
	<word>cahill's</word>
	<word>calcium</word>
	<word>californium</word>
	<word>canapés</word>
	<word>cancelled</word>
	<word>carbon</word>
	<word>cardiogenic</word>
	<word>cardiothoracic</word>
	<word>catalogue</word>
	<word>catalogued</word>
	<word>cementhead</word>
	<word>centimetres</word>
	<word>cerium</word>
	<word>cesium</word>
	<word>cheerleading</word>
	<word>chemoradiation</word>
	<word>children's</word>
	<word>chittering</word>
	<word>chitters</word>
	<word>chlorine</word>
	<word>cholecalciferol</word>
	<word>chondrosarcoma</word>
	<word>chromium</word>
	<word>chucklefucker</word>
	<word>cityscapes</word>
	<word>clanky</word>
	<word>cliché</word>
	<word>clozapine</word>
	<word>cluelessness</word>
	<word>co2</word>
	<word>cobalt</word>
	<word>collywobbles</word>
	<word>colonoscopy</word>
	<word>colours</word>
	<word>comlink</word>
	<word>comminuted</word>
	<word>contractualism</word>
	<word>copain</word>
	<word>copernicium</word>
	<word>copper</word>
	<word>copperish</word>
	<word>coronavirus</word>
	<word>corpectomy</word>
	<word>cosy</word>
	<word>cottonoid</word>
	<word>could've</word>
	<word>countermove</word>
	<word>countertop</word>
	<word>craniotomy</word>
	<word>crapshoot</word>
	<word>creampied</word>
	<word>creatinine</word>
	<word>crossbone</word>
	<word>crosshair</word>
	<word>crosshairs</word>
	<word>crowdsource</word>
	<word>crowdsourcing</word>
	<word>cryo</word>
	<word>cryotube</word>
	<word>cudgelled</word>
	<word>curium</word>
	<word>cyanotic</word>
	<word>dad'll</word>
	<word>darmstadtium</word>
	<word>darndest</word>
	<word>dealmaking</word>
	<word>debride</word>
	<word>debridement</word>
	<word>decompensating</word>
	<word>deepfakes</word>
	<word>defendable</word>
	<word>defibrillating</word>
	<word>defibrillation</word>
	<word>deniability</word>
	<word>dialogue</word>
	<word>dickish</word>
	<word>dipshit</word>
	<word>dismemberments</word>
	<word>disorderlies</word>
	<word>disproven</word>
	<word>disrupter</word>
	<word>disruptors</word>
	<word>do-gooder</word>
	<word>do-gooders</word>
	<word>documentarian</word>
	<word>donut</word>
	<word>doofus</word>
	<word>doomscrolling</word>
	<word>doornail</word>
	<word>douchey</word>
	<word>doughboy</word>
	<word>doughboys</word>
	<word>dovey</word>
	<word>dreamt</word>
	<word>dubnium</word>
	<word>dumbass</word>
	<word>dumbass</word>
	<word>dumbfuck</word>
	<word>dumbfucks</word>
	<word>dyads</word>
	<word>dysesthesia</word>
	<word>dysprosium</word>
	<word>déjà vu</word>
	<word>easy-peasy</word>
	<word>einsteinium</word>
	<word>electrocautery</word>
	<word>emoji</word>
	<word>empanadas</word>
	<word>empyema</word>
	<word>endarterectomy</word>
	<word>endeth</word>
	<word>enzymatically</word>
	<word>episiotomy</word>
	<word>erbium</word>
	<word>esophaguses</word>
	<word>et cetera</word>
	<word>euro</word>
	<word>europium</word>
	<word>euros</word>
	<word>eutylone</word>
	<word>evaporite</word>
	<word>everything's</word>
	<word>evidentiary</word>
	<word>extradural</word>
	<word>eyeing</word>
	<word>eyeline</word>
	<word>facedown</word>
	<word>faceup</word>
	<word>faggot</word>
	<word>failsafe</word>
	<word>falafel</word>
	<word>fallin'</word>
	<word>fanboy</word>
	<word>fanboys</word>
	<word>farmboy</word>
	<word>fascial</word>
	<word>fasciotomy</word>
	<word>fata morgana</word>
	<word>favour</word>
	<word>favoured</word>
	<word>favourite</word>
	<word>favourites</word>
	<word>fbi's</word>
	<word>fentanyl</word>
	<word>fermium</word>
	<word>fiancé</word>
	<word>fiancée</word>
	<word>fibrinolysis</word>
	<word>financials</word>
	<word>fixator</word>
	<word>flameout</word>
	<word>flatbread</word>
	<word>flatlining</word>
	<word>flavour</word>
	<word>flavours</word>
	<word>floricultural</word>
	<word>fluorine</word>
	<word>flushin'</word>
	<word>flyer</word>
	<word>flyers</word>
	<word>forevermore</word>
	<word>francium</word>
	<word>frenemy</word>
	<word>fuckable</word>
	<word>fuckboy</word>
	<word>fundraiser</word>
	<word>fundraising</word>
	<word>gadolinium</word>
	<word>galavanting</word>
	<word>gallium</word>
	<word>gamekeeping</word>
	<word>gangbangs</word>
	<word>ganglioneuralgia</word>
	<word>gaslighting</word>
	<word>gastroenterologists</word>
	<word>geez</word>
	<word>gemensheidt</word>
	<word>generationally</word>
	<word>germanium</word>
	<word>giancarlo</word>
	<word>gigabit</word>
	<word>glamour</word>
	<word>glioma</word>
	<word>glitchy</word>
	<word>glossopharyngeal</word>
	<word>glowy</word>
	<word>goddamned</word>
	<word>golconda</word>
	<word>gold</word>
	<word>googled</word>
	<word>googling</word>
	<word>gracilis</word>
	<word>gran'll</word>
	<word>grandbaby</word>
	<word>grandkid</word>
	<word>grandkids</word>
	<word>grandpop</word>
	<word>grandsire</word>
	<word>gravimetric</word>
	<word>grayscale</word>
	<word>greenlit</word>
	<word>greensick</word>
	<word>guys'll</word>
	<word>hacktivist</word>
	<word>hafnium</word>
	<word>handprint</word>
	<word>handprints</word>
	<word>hardwire</word>
	<word>hashtag</word>
	<word>hashtags</word>
	<word>hassium</word>
	<word>hatchling</word>
	<word>hawala</word>
	<word>headshot</word>
	<word>headshots</word>
	<word>headspace</word>
	<word>heh</word>
	<word>helium</word>
	<word>heloooooo</word>
	<word>hematoma</word>
	<word>hemodynamics</word>
	<word>hemostasis</word>
	<word>hentai</word>
	<word>hiei</word>
	<word>hijab</word>
	<word>hisself</word>
	<word>hitman</word>
	<word>hm</word>
	<word>holmium</word>
	<word>homeworld</word>
	<word>honourable</word>
	<word>hoodies</word>
	<word>hors</word>
	<word>hotpants</word>
	<word>hottie</word>
	<word>houseguests</word>
	<word>how'd</word>
	<word>how're</word>
	<word>how've</word>
	<word>hugger</word>
	<word>humvee</word>
	<word>hydrogen</word>
	<word>hypotension</word>
	<word>hypotensive</word>
	<word>hypothermic</word>
	<word>ileostomy</word>
	<word>imidazopyridine</word>
	<word>immersive</word>
	<word>immunotherapy</word>
	<word>inbox</word>
	<word>incentivize</word>
	<word>incentivized</word>
	<word>incontinentia</word>
	<word>indium</word>
	<word>influencer</word>
	<word>injunctive</word>
	<word>insectoid</word>
	<word>inshallah</word>
	<word>instalment</word>
	<word>intensivist</word>
	<word>intercostal</word>
	<word>intrapericardial</word>
	<word>intraperitoneal</word>
	<word>intubate</word>
	<word>intubated</word>
	<word>intubations</word>
	<word>iodine</word>
	<word>iridium</word>
	<word>iron</word>
	<word>ischemia</word>
	<word>isobutyric</word>
	<word>isolytic</word>
	<word>jeopardised</word>
	<word>jewellery</word>
	<word>jizz</word>
	<word>jizzed</word>
	<word>jizzing</word>
	<word>jonesing</word>
	<word>judgement</word>
	<word>just</word>
	<word>keycard</word>
	<word>keychain</word>
	<word>kid'll</word>
	<word>kintsugi</word>
	<word>knobhead</word>
	<word>krypton</word>
	<word>kryptonite</word>
	<word>kuwabara-kun</word>
	<word>kyphoplasties</word>
	<word>labelled</word>
	<word>laminectomy</word>
	<word>landline</word>
	<word>lanthanum</word>
	<word>laparoscopically</word>
	<word>laparoscopy</word>
	<word>laparotomy</word>
	<word>laryngectomy</word>
	<word>laryngopharyngeal</word>
	<word>lawrencium</word>
	<word>lead</word>
	<word>leapt</word>
	<word>lightsaber</word>
	<word>lightsabers</word>
	<word>lithium</word>
	<word>lithotomy</word>
	<word>lobectomy</word>
	<word>lockdown</word>
	<word>login</word>
	<word>loudmouth</word>
	<word>loupe</word>
	<word>lovey–dovey</word>
	<word>luddite</word>
	<word>lutetium</word>
	<word>magnesium</word>
	<word>magnetar</word>
	<word>majordome</word>
	<word>malware</word>
	<word>manganese</word>
	<word>manmade</word>
	<word>mansplain</word>
	<word>maxillofacial</word>
	<word>meathead</word>
	<word>meatheads</word>
	<word>meds</word>
	<word>meetup</word>
	<word>meitnerium</word>
	<word>melanophore</word>
	<word>melanophores</word>
	<word>men's</word>
	<word>mendelevium</word>
	<word>meningioma</word>
	<word>mercury</word>
	<word>meself</word>
	<word>mesenteric</word>
	<word>mesentery</word>
	<word>mesothelioma</word>
	<word>metadata</word>
	<word>methylphosphonite</word>
	<word>metres</word>
	<word>microbiome</word>
	<word>microcontroller</word>
	<word>microcontrollers</word>
	<word>microdosing</word>
	<word>micrografting</word>
	<word>microvascular</word>
	<word>might've</word>
	<word>milf</word>
	<word>military'll</word>
	<word>millennia</word>
	<word>milliamp</word>
	<word>milliamps</word>
	<word>millirems</word>
	<word>mitral</word>
	<word>mmm</word>
	<word>mmmmm</word>
	<word>mochaccino</word>
	<word>mojo</word>
	<word>molybdenum</word>
	<word>moonlet</word>
	<word>moulded</word>
	<word>multiplanetary</word>
	<word>multiplayer</word>
	<word>multispectral</word>
	<word>muppet</word>
	<word>must've</word>
	<word>mycelial</word>
	<word>nah</word>
	<word>namaste</word>
	<word>narrowminded</word>
	<word>nasties</word>
	<word>neighbour</word>
	<word>neighbourhood</word>
	<word>neighbours</word>
	<word>neodymium</word>
	<word>neon</word>
	<word>nephrologist</word>
	<word>nephrologist</word>
	<word>neptunium</word>
	<word>neurobiologist</word>
	<word>neurodivergence</word>
	<word>neuropathy</word>
	<word>neuroscientific</word>
	<word>neuroscientist</word>
	<word>neuroscientists</word>
	<word>neurotypical</word>
	<word>neurotypicals</word>
	<word>neurovascular</word>
	<word>newfound</word>
	<word>newsfeed</word>
	<word>newsfeeds</word>
	<word>niblings</word>
	<word>nickel</word>
	<word>nigga</word>
	<word>niggas</word>
	<word>niobium</word>
	<word>nitrogen</word>
	<word>nobelium</word>
	<word>nomogram</word>
	<word>nonbinary</word>
	<word>noobs</word>
	<word>nothin</word>
	<word>now's</word>
	<word>nulled</word>
	<word>nulling</word>
	<word>numbnuts</word>
	<word>odontoid</word>
	<word>offence</word>
	<word>ohh</word>
	<word>okey dokey</word>
	<word>okey-dokey</word>
	<word>omental</word>
	<word>online</word>
	<word>opacities</word>
	<word>or</word>
	<word>oropharyngeal</word>
	<word>osmium</word>
	<word>osseointegrated</word>
	<word>osseointegration</word>
	<word>other's</word>
	<word>otolaryngologist</word>
	<word>oughta</word>
	<word>overactive</word>
	<word>overanalyzing</word>
	<word>overcomplicate</word>
	<word>overleveraged</word>
	<word>overprimised</word>
	<word>overprivileged</word>
	<word>overserved</word>
	<word>overthink</word>
	<word>overthinking</word>
	<word>oww</word>
	<word>owwwww</word>
	<word>oxygen</word>
	<word>p.m.</word>
	<word>paddleboarding</word>
	<word>palladium</word>
	<word>paprikash</word>
	<word>paralyze</word>
	<word>parents'</word>
	<word>passcode</word>
	<word>percenter</word>
	<word>percutaneously</word>
	<word>perfusionist</word>
	<word>pericardial</word>
	<word>periorbital</word>
	<word>pescatarian</word>
	<word>pescatarians</word>
	<word>phenylephrine</word>
	<word>phosphorus</word>
	<word>photoshopped</word>
	<word>photothermic</word>
	<word>piccaninny</word>
	<word>pickleback</word>
	<word>pighead</word>
	<word>pigheaded</word>
	<word>pixelate</word>
	<word>pixelate</word>
	<word>platinum</word>
	<word>playbook</word>
	<word>playdate</word>
	<word>playlist</word>
	<word>playlists</word>
	<word>playwriting</word>
	<word>pledgets</word>
	<word>plesiosaur</word>
	<word>plexiform neurofibroma</word>
	<word>plexiform neurofibromas</word>
	<word>plutonium</word>
	<word>pneumothorax</word>
	<word>podcasts</word>
	<word>polenta</word>
	<word>polonium</word>
	<word>polyrhythm</word>
	<word>polyrhythmic</word>
	<word>polyrhythms</word>
	<word>polysulfide</word>
	<word>postsurgical</word>
	<word>postulator</word>
	<word>potassium</word>
	<word>practises</word>
	<word>practises</word>
	<word>praseodymium</word>
	<word>pro bono</word>
	<word>promethium</word>
	<word>proprioception</word>
	<word>prosecutorial</word>
	<word>prosthetics</word>
	<word>protactinium</word>
	<word>protostar</word>
	<word>protostars</word>
	<word>protégé</word>
	<word>pseudoachondroplasia</word>
	<word>pupillary</word>
	<word>purée</word>
	<word>pushback</word>
	<word>radium</word>
	<word>radon</word>
	<word>ragdoll</word>
	<word>raspingly</word>
	<word>reacclimate</word>
	<word>reacclimating</word>
	<word>realise</word>
	<word>realised</word>
	<word>reapproaching</word>
	<word>rebar</word>
	<word>rebrand</word>
	<word>rebranding</word>
	<word>recalibrated</word>
	<word>recognise</word>
	<word>recognised</word>
	<word>recreationally</word>
	<word>recuse</word>
	<word>recuse</word>
	<word>reframe</word>
	<word>repurposed</word>
	<word>resect</word>
	<word>resecting</word>
	<word>retractor</word>
	<word>retractors</word>
	<word>retropulsion</word>
	<word>revascularization</word>
	<word>rhenium</word>
	<word>rhodium</word>
	<word>rideshare</word>
	<word>ringtone</word>
	<word>roentgenium</word>
	<word>rollerblades</word>
	<word>rootkit</word>
	<word>rubidium</word>
	<word>ruthenium</word>
	<word>rutherfordium</word>
	<word>sabertooth</word>
	<word>safehouse</word>
	<word>safeword</word>
	<word>saké</word>
	<word>saltimbocca</word>
	<word>samarium</word>
	<word>sayonara</word>
	<word>scandium</word>
	<word>scarecop</word>
	<word>schlong</word>
	<word>schtupped</word>
	<word>sci-fi</word>
	<word>scientifical</word>
	<word>screenshot</word>
	<word>screenshots</word>
	<word>seaborgium</word>
	<word>searchable</word>
	<word>secret's</word>
	<word>selenium</word>
	<word>selfie</word>
	<word>selfies</word>
	<word>sensei</word>
	<word>sexhibition</word>
	<word>sexting</word>
	<word>señor</word>
	<word>señora</word>
	<word>señorita</word>
	<word>sharpshoot</word>
	<word>shit'll</word>
	<word>shitbox</word>
	<word>shithead's</word>
	<word>shithead</word>
	<word>shithole</word>
	<word>shitholes</word>
	<word>shitshow</word>
	<word>shockwave</word>
	<word>should've</word>
	<word>shoulda</word>
	<word>show's</word>
	<word>shrooms</word>
	<word>silicon</word>
	<word>silver</word>
	<word>sisterfucker</word>
	<word>skag</word>
	<word>skank</word>
	<word>skeevy</word>
	<word>skosh</word>
	<word>skybridge</word>
	<word>skyway</word>
	<word>slipspace</word>
	<word>sloshy</word>
	<word>slushies</word>
	<word>smartass</word>
	<word>smartphone</word>
	<word>smartphones</word>
	<word>snakelet</word>
	<word>snuck</word>
	<word>sociopathic</word>
	<word>sodium</word>
	<word>someplace</word>
	<word>something's</word>
	<word>soulmate</word>
	<word>soulmates</word>
	<word>spacedock</word>
	<word>spacefaring</word>
	<word>spell's</word>
	<word>sphenopalatine</word>
	<word>spilt</word>
	<word>spitballing</word>
	<word>splenectomy</word>
	<word>splenic</word>
	<word>spoilt</word>
	<word>spork</word>
	<word>spotteth</word>
	<word>squirrelly</word>
	<word>stabilisation</word>
	<word>stabilisation</word>
	<word>starship</word>
	<word>startup</word>
	<word>status quo</word>
	<word>stenosed</word>
	<word>stenosis</word>
	<word>stent</word>
	<word>stenting</word>
	<word>stepdad</word>
	<word>stepmom</word>
	<word>stereogram</word>
	<word>stereograms</word>
	<word>stereotactic</word>
	<word>sternotomy</word>
	<word>storyboarded</word>
	<word>strategizing</word>
	<word>strategizing</word>
	<word>stressor</word>
	<word>stroke'd</word>
	<word>strontium</word>
	<word>subclavian</word>
	<word>subdural hematoma</word>
	<word>subdural</word>
	<word>sudoku</word>
	<word>sulfur</word>
	<word>sulphur</word>
	<word>sunglass</word>
	<word>superset</word>
	<word>supervillain</word>
	<word>supervillains</word>
	<word>supervolcano</word>
	<word>sweary</word>
	<word>synchronicity</word>
	<word>syncopal</word>
	<word>synovectomy</word>
	<word>synovial</word>
	<word>tachycardic</word>
	<word>takedown</word>
	<word>tantalum</word>
	<word>tapwater</word>
	<word>tapwater</word>
	<word>taxies</word>
	<word>teardown</word>
	<word>technetium</word>
	<word>teleporting</word>
	<word>tellurium</word>
	<word>temporoparietal</word>
	<word>teratoma</word>
	<word>terbium</word>
	<word>terraforming</word>
	<word>terrorise</word>
	<word>tesseract</word>
	<word>tesseracts</word>
	<word>texted</word>
	<word>texting</word>
	<word>thallium</word>
	<word>that'd</word>
	<word>that'll</word>
	<word>the</word>
	<word>theatre</word>
	<word>them's</word>
	<word>then</word>
	<word>there'd</word>
	<word>there'll</word>
	<word>there're</word>
	<word>this'll</word>
	<word>this</word>
	<word>thoracotomy</word>
	<word>thorium</word>
	<word>three-decker</word>
	<word>thrombectomy</word>
	<word>thrombolysis</word>
	<word>thrombosed</word>
	<word>throuple</word>
	<word>thulium</word>
	<word>timeline</word>
	<word>timelines</word>
	<word>timesheet</word>
	<word>timesheets</word>
	<word>tin</word>
	<word>titanium</word>
	<word>tittie</word>
	<word>touché</word>
	<word>trackable</word>
	<word>transaminases</word>
	<word>transcatheter</word>
	<word>transcervical</word>
	<word>transcortical</word>
	<word>transcutaneous</word>
	<word>transdural</word>
	<word>transectional</word>
	<word>transformative</word>
	<word>transpedicular</word>
	<word>traumatised</word>
	<word>traveled</word>
	<word>traveler</word>
	<word>traveling</word>
	<word>travelled</word>
	<word>trickeration</word>
	<word>trifecta</word>
	<word>trigeminal</word>
	<word>triple-decker</word>
	<word>tungsten</word>
	<word>tweeze</word>
	<word>twerking</word>
	<word>twerking</word>
	<word>ulcerative</word>
	<word>uncrewed</word>
	<word>underboss</word>
	<word>underdressing</word>
	<word>underserved</word>
	<word>undock</word>
	<word>unfuckable</word>
	<word>unhear</word>
	<word>unreciprocated</word>
	<word>unsterile</word>
	<word>ununhexium</word>
	<word>ununoctium</word>
	<word>ununpentium</word>
	<word>ununquadium</word>
	<word>ununseptium</word>
	<word>ununtrium</word>
	<word>uplink</word>
	<word>uranium</word>
	<word>vaccinologist</word>
	<word>vaginas</word>
	<word>vanadium</word>
	<word>vanlife</word>
	<word>vascularity</word>
	<word>veganism</word>
	<word>vegetations</word>
	<word>virginities</word>
	<word>voicemail</word>
	<word>voila</word>
	<word>voilà</word>
	<word>walkthrough</word>
	<word>waterboard</word>
	<word>waterboarded</word>
	<word>waterskiing</word>
	<word>weaponize</word>
	<word>weaponized</word>
	<word>webcam</word>
	<word>weirding</word>
	<word>what'd</word>
	<word>what'll</word>
	<word>what're</word>
	<word>when'd</word>
	<word>where'd</word>
	<word>where're</word>
	<word>where've</word>
	<word>which</word>
	<word>whistleblower</word>
	<word>whizz</word>
	<word>whodunit</word>
	<word>why'd</word>
	<word>why's</word>
	<word>wingman</word>
	<word>wizarding</word>
	<word>women's</word>
	<word>worshipped</word>
	<word>www</word>
	<word>xanthophore</word>
	<word>xanthophores</word>
	<word>xenon</word>
	<word>y'know</word>
	<word>yay</word>
	<word>youngling</word>
	<word>younglings</word>
	<word>ytterbium</word>
	<word>yttrium</word>
	<word>yukina</word>
	<word>zinc</word>
	<word>zirconium</word>
	<word>fenugreek</word>
	<word>pled</word>
	<word>bindle</word>
	<word>chrissakes</word>
	<word>de-escalated</word>
	<word>one'll</word>
	<word>perimortem</word>
	<word>perp</word>
	<word>retargeting</word>
	<word>sightsee</word>
	<word>ammunitions</word>
	<word>armoury</word>
	<word>dialling</word>
	<word>flyboy</word>
	<word>inactions</word>
	<word>neurotherapy</word>
	<word>repurposing</word>
	<word>whisky</word>
	<word>worshipping</word>
	<word>teleportation</word>
	<word>cum laude</word>
	<word>émigré</word>
	<word>plastique</word>
	<word>rinky-dink</word>
	<word>teleportation</word>
	<word>worshippers</word>
	<word>advisor</word>
	<word>councillor</word>
	<word>luminol</word>
	<word>scotoma</word>
	<word>unironically</word>
	<word>eviscerations</word>
	<word>victimology</word>
	<word>countertops</word>
	<word>cowskin</word>
	<word>lowballed</word>
	<word>methodic</word>
	<word>single-handedly</word>
</words>